{
	"credit": "Made with Blockbench",
	"textures": {
		"0": "custom/golden",
		"particle": "custom/golden"
	},
	"elements": [
		{
			"from": [5, 0, 5],
			"to": [11, 4, 11],
			"faces": {
				"north": {"uv": [10, 3, 16, 8], "texture": "#0"},
				"east": {"uv": [10, 11, 16, 16], "texture": "#0"},
				"south": {"uv": [10, 11, 16, 16], "texture": "#0"},
				"west": {"uv": [10, 0, 16, 5], "texture": "#0"},
				"up": {"uv": [10, 5, 16, 11], "texture": "#0"},
				"down": {"uv": [4, 10, 10, 16], "texture": "#0"}
			}
		},
		{
			"from": [5.5, 3, 5.5],
			"to": [10.5, 8, 10.5],
			"faces": {
				"north": {"uv": [0, 0, 5, 5], "texture": "#0"},
				"east": {"uv": [0, 0, 5, 5], "texture": "#0"},
				"south": {"uv": [0, 0, 5, 5], "texture": "#0"},
				"west": {"uv": [5, 5, 10, 10], "texture": "#0"},
				"up": {"uv": [0, 11, 5, 16], "texture": "#0"},
				"down": {"uv": [0, 5, 5, 10], "texture": "#0"}
			}
		}
	],
	"display": {
		"thirdperson_righthand": {
			"rotation": [-90, 0, 0],
			"translation": [-12, -2, -1.5],
			"scale": [0.85, 0.85, 0.85]
		},
		"thirdperson_lefthand": {
			"rotation": [-90, 0, 0],
			"translation": [0, -2, -1.5],
			"scale": [0.85, 0.85, 0.85]
		},
		"firstperson_righthand": {
			"rotation": [-72, 0, 0],
			"translation": [-15.5, 3, 0.25],
			"scale": [0.85, 0.85, 0.85]
		},
		"firstperson_lefthand": {
			"rotation": [-72, 0, 0],
			"translation": [-2.59, 3, 0.25],
			"scale": [0.85, 0.85, 0.85]
		},
		"ground": {
			"translation": [0, 3.5, 0]
		},
		"gui": {
			"rotation": [0, 24, 0],
			"translation": [0, 4, 0],
			"scale": [1, 1, 0.74]
		},
		"head": {
			"translation": [0, 14, 0],
			"scale": [0.85, 0.85, 0.85]
		},
		"fixed": {
			"rotation": [0, 38, 0],
			"translation": [0, 4, 0]
		}
	}
}