{
	"credit": "Made with Blockbench",
	"textures": {
		"0": "custom/mindstone",
		"particle": "custom/mindstone"
	},
	"elements": [
		{
			"from": [6, 0, 7],
			"to": [9, 3, 10],
			"faces": {
				"north": {"uv": [0, 0, 5, 5], "texture": "#0"},
				"east": {"uv": [5, 4, 10, 9], "texture": "#0"},
				"south": {"uv": [0, 10, 5, 15], "texture": "#0"},
				"west": {"uv": [8, 8, 13, 13], "texture": "#0"},
				"up": {"uv": [9, 0, 14, 5], "texture": "#0"},
				"down": {"uv": [3, 7, 8, 12], "texture": "#0"}
			}
		}
	],
	"display": {
		"thirdperson_righthand": {
			"translation": [0.5, 6.5, 0]
		},
		"thirdperson_lefthand": {
			"translation": [-0.5, 6.5, 0]
		},
		"firstperson_righthand": {
			"translation": [1, 7, 1.5]
		},
		"firstperson_lefthand": {
			"translation": [1, 7, 1.5]
		},
		"ground": {
			"translation": [0, 5.75, 0]
		},
		"gui": {
			"rotation": [18, 9, 0],
			"translation": [0.75, 12.5, 0],
			"scale": [2, 2, 2]
		},
		"fixed": {
			"translation": [0.75, 13, 0],
			"scale": [2, 2, 2]
		}
	}
}