{
	"credit": "Made with Blockbench",
	"textures": {
		"0": "custom/powerstone",
		"particle": "custom/powerstone"
	},
	"elements": [
		{
			"from": [7, 0, 7],
			"to": [10, 3, 10],
			"faces": {
				"north": {"uv": [0, 0, 5, 5], "texture": "#0"},
				"east": {"uv": [9, 5, 14, 10], "texture": "#0"},
				"south": {"uv": [0, 7, 5, 12], "texture": "#0"},
				"west": {"uv": [8, 1, 13, 6], "texture": "#0"},
				"up": {"uv": [5, 7, 10, 12], "texture": "#0"},
				"down": {"uv": [5, 3, 10, 8], "texture": "#0"}
			}
		}
	],
	"display": {
		"thirdperson_righthand": {
			"translation": [-0.5, 6.5, 0]
		},
		"thirdperson_lefthand": {
			"translation": [0.5, 6.5, 0]
		},
		"firstperson_righthand": {
			"translation": [1, 7, 1.5]
		},
		"firstperson_lefthand": {
			"translation": [1, 7, 1.5]
		},
		"ground": {
			"translation": [0, 5, 0]
		},
		"gui": {
			"rotation": [18, 9, 0],
			"translation": [-1, 12.25, 0],
			"scale": [2, 2, 2]
		},
		"fixed": {
			"translation": [-1, 12.75, 0],
			"scale": [2, 2, 2]
		}
	}
}