{
	"credit": "Made with Blockbench",
	"textures": {
		"0": "custom/realitystone",
		"particle": "custom/realitystone"
	},
	"elements": [
		{
			"from": [7, 0, 7],
			"to": [10, 3, 10],
			"faces": {
				"north": {"uv": [0, 0, 5, 5], "texture": "#0"},
				"east": {"uv": [9, 10, 14, 15], "texture": "#0"},
				"south": {"uv": [8, 3, 13, 8], "texture": "#0"},
				"west": {"uv": [0, 10, 5, 15], "texture": "#0"},
				"up": {"uv": [11, 6, 16, 11], "texture": "#0"},
				"down": {"uv": [4, 5, 9, 10], "texture": "#0"}
			}
		}
	],
	"display": {
		"thirdperson_righthand": {
			"translation": [-0.5, 6.5, 0]
		},
		"thirdperson_lefthand": {
			"translation": [0.5, 6.5, 0]
		},
		"firstperson_righthand": {
			"translation": [1, 7, 1.5]
		},
		"firstperson_lefthand": {
			"translation": [1, 7, 1.5]
		},
		"ground": {
			"translation": [0, 5.25, 0]
		},
		"gui": {
			"rotation": [18, 9, 0],
			"translation": [-0.75, 12.25, 0],
			"scale": [2, 2, 2]
		},
		"fixed": {
			"translation": [-0.5, 13.25, 0],
			"scale": [2, 2, 2]
		}
	}
}