{
	"credit": "Made with Blockbench",
	"textures": {
		"0": "custom/soulstone",
		"particle": "custom/soulstone"
	},
	"elements": [
		{
			"from": [6, 0, 7],
			"to": [9, 3, 10],
			"faces": {
				"north": {"uv": [0, 0, 5, 5], "texture": "#0"},
				"east": {"uv": [11, 5, 16, 10], "texture": "#0"},
				"south": {"uv": [10, 11, 15, 16], "texture": "#0"},
				"west": {"uv": [0, 10, 5, 15], "texture": "#0"},
				"up": {"uv": [7, 1, 12, 6], "texture": "#0"},
				"down": {"uv": [5, 5, 10, 10], "texture": "#0"}
			}
		}
	],
	"display": {
		"thirdperson_righthand": {
			"translation": [0.5, 6.5, 0]
		},
		"thirdperson_lefthand": {
			"translation": [-0.5, 6.5, 0]
		},
		"firstperson_righthand": {
			"translation": [1, 7, 1.5]
		},
		"firstperson_lefthand": {
			"translation": [1, 7, 1.5]
		},
		"ground": {
			"translation": [0, 6, 0]
		},
		"gui": {
			"rotation": [18, 9, 0],
			"translation": [0.5, 12.25, 0],
			"scale": [2, 2, 2]
		},
		"fixed": {
			"translation": [0.5, 12.75, 0],
			"scale": [2, 2, 2]
		}
	}
}