{
	"credit": "Made with Blockbench",
	"textures": {
		"0": "custom/spacestone",
		"particle": "custom/spacestone"
	},
	"elements": [
		{
			"from": [6, 0, 6],
			"to": [9, 3, 9],
			"faces": {
				"north": {"uv": [1, 7, 6, 12], "texture": "#0"},
				"east": {"uv": [5, 10, 10, 15], "texture": "#0"},
				"south": {"uv": [8, 4, 13, 9], "texture": "#0"},
				"west": {"uv": [4, 6, 9, 11], "texture": "#0"},
				"up": {"uv": [9, 8, 15, 14], "texture": "#0"},
				"down": {"uv": [9, 1, 14, 6], "texture": "#0"}
			}
		}
	],
	"display": {
		"thirdperson_righthand": {
			"translation": [0.5, 6.5, 0]
		},
		"thirdperson_lefthand": {
			"translation": [-0.5, 6.5, 0]
		},
		"firstperson_righthand": {
			"translation": [1, 7, 1.5]
		},
		"firstperson_lefthand": {
			"translation": [1, 7, 1.5]
		},
		"ground": {
			"translation": [0, 6.75, 0]
		},
		"gui": {
			"rotation": [18, 9, 0],
			"translation": [1, 13, 0],
			"scale": [2, 2, 2]
		},
		"head": {
			"translation": [0.5, 1.75, -5.5]
		},
		"fixed": {
			"rotation": [0, 9, 0],
			"translation": [1.25, 13, 0],
			"scale": [2, 2, 2]
		}
	}
}