{
	"credit": "Made with Blockbench",
	"textures": {
		"0": "custom/timestone",
		"particle": "custom/timestone"
	},
	"elements": [
		{
			"from": [6, 0, 7],
			"to": [9, 3, 10],
			"faces": {
				"north": {"uv": [7, 2, 12, 7], "texture": "#0"},
				"east": {"uv": [6, 6, 11, 11], "texture": "#0"},
				"south": {"uv": [10, 6, 15, 11], "texture": "#0"},
				"west": {"uv": [1, 5, 6, 10], "texture": "#0"},
				"up": {"uv": [2, 8, 7, 13], "texture": "#0"},
				"down": {"uv": [2, 2, 7, 7], "texture": "#0"}
			}
		}
	],
	"display": {
		"thirdperson_righthand": {
			"translation": [0.5, 6.5, 0]
		},
		"thirdperson_lefthand": {
			"translation": [-0.5, 6.5, 0]
		},
		"firstperson_righthand": {
			"translation": [1, 7, 1.5]
		},
		"firstperson_lefthand": {
			"translation": [-1, 6, 1.5]
		},
		"ground": {
			"translation": [0, 4.5, 0]
		},
		"gui": {
			"rotation": [18, 9, 0],
			"translation": [1, 12.75, 0],
			"scale": [2, 2, 2]
		},
		"fixed": {
			"translation": [0.75, 13, 0],
			"scale": [2, 2, 2]
		}
	}
}